{"mean": [49.287759275489336, 74.57201285422144, -332.4049079754601, 5.0568425394316385, 81.5293001301909, 0.9693251533742331, 25.79959100204499], "scale": [15.78064614053583, 3.648842509588785, 174.77256937852377, 10.512427678025546, 220.48422022646653, 0.17243520641172017, 3.487154317132191]}