{
   "mean": [
      45.91706561935613,
      74.62907433420291,
      33.971134936788694,
      -263.38623398216896,
      2.18023258077971,
      14.114736882632165
   ],
   "scale": [
      13.613497889791855,
      4.012406557369998,
      2.15191584113832,
      116.05764656493805,
      3.1113826987726543,
      28.18641617087377
   ],
   "components": [
      [
         -0.5014006810929549,
         -0.44825052353341566,
         -0.2655254528452201,
         0.5429041755903907,
         -0.2898936795145203,
         -0.3136586835190934
      ],
      [
         -0.16542766389926342,
         -0.3054358809069083,
         -0.25782826998391023,
         0.1646682179267142,
         0.6446640299618519,
         0.6084076432349783
      ]
   ]
}