{
   "mean": [
      54.726487523992326,
      75.09596928982725,
      34.38166986564299,
      -368.0067178502879,
      1.572895571805662,
      21.86270914977927
   ],
   "scale": [
      19.406230299023825,
      4.328010260255452,
      1.5215092184275016,
      181.43462984470702,
      1.7340814190852845,
      34.4555472889613
   ],
   "components": [
      [
         -0.5190762633798499,
         -0.5264220553301291,
         -0.4048563357435722,
         0.527906016145502,
         0.06538494031756947,
         0.08106199826648064
      ],
      [
         0.08152387371412873,
         0.020383383184319575,
         -0.055135785746415686,
         -0.13531951890230556,
         0.691024920868379,
         0.702902274414892
      ],
      [
         -0.22105072454739025,
         -0.08656569976813802,
         0.6954555199507838,
         0.22429984447617918,
         0.5148493908195125,
         -0.3802686696422021
      ]
   ]
}