{
   "mean": [
      45.91706561935613,
      74.62907433420291,
      33.971134936788694,
      -263.38623398216896,
      2.18023258077971,
      14.114736882632165
   ],
   "scale": [
      13.613497889791855,
      4.012406557369998,
      2.15191584113832,
      116.05764656493805,
      3.1113826987726543,
      28.18641617087377
   ],
   "components": [
      [
         0.5014006810929547,
         0.4482505235334151,
         0.26552545284522155,
         -0.5429041755903912,
         0.2898936795145203,
         0.3136586835190943
      ],
      [
         -0.16542766389926178,
         -0.305435880906908,
         -0.2578282699839155,
         0.1646682179267137,
         0.6446640299618513,
         0.6084076432349781
      ]
   ]
}