{
   "mean": [
      37.02762673215226,
      71.54718470443781,
      32.027977547798635,
      -165.9158919487809,
      1.0630396945722855,
      3.7699993060672723
   ],
   "scale": [
      13.103384122379852,
      4.741309266602342,
      2.8516325202184936,
      140.85879950515545,
      1.733268280109886,
      10.686690353235102
   ],
   "components": [
      [
         -0.4477163132864116,
         -0.420465975930446,
         -0.40899114386208957,
         0.5061838668556042,
         -0.34174014064831787,
         -0.2871868370055226
      ],
      [
         -0.26108215326477563,
         -0.2351621227110351,
         -0.24935758936070107,
         0.14510263698177261,
         0.5686416228262184,
         0.6855272477789547
      ]
   ]
}