{
   "mean": [
      45.91706561935613,
      74.62907433420291,
      33.971134936788694,
      -263.38623398216896,
      2.18023258077971,
      14.114736882632165
   ],
   "scale": [
      13.613497889791855,
      4.012406557369998,
      2.15191584113832,
      116.05764656493805,
      3.1113826987726543,
      28.18641617087377
   ],
   "components": [
      [
         -0.5014006810929548,
         -0.44825052353341577,
         -0.2655254528452199,
         0.542904175590391,
         -0.28989367951452016,
         -0.3136586835190932
      ],
      [
         -0.16542766389926325,
         -0.30543588090690965,
         -0.25782826998390923,
         0.16466821792671368,
         0.6446640299618525,
         0.6084076432349784
      ]
   ]
}