{
   "mean": [
      48.19346405228758,
      75.0553376906318,
      34.93660130718954,
      -306.18997821350763,
      2.0334815990701527,
      22.62390904203094
   ],
   "scale": [
      13.349207902227738,
      3.8561255976079316,
      1.3114620373715364,
      110.69665939247274,
      2.4424717376427916,
      39.18521867816944
   ],
   "components": [
      [
         -0.5473116726056597,
         -0.43506223305048375,
         -0.4393516935662486,
         0.5630245496989548,
         6.293746922417243e-05,
         0.03382644288652972
      ],
      [
         0.1944215057268221,
         -0.3623235080038165,
         -0.10577742218134652,
         -0.21139078539309808,
         0.6158082391980684,
         0.629148026303871
      ]
   ]
}