{"mean": [54.726487523992326, 75.09596928982725, 34.38166986564299, 45.00287907869482, -368.0067178502879, 1.572895571805662, 21.86270914977927, 27.198656429942417], "scale": [19.406230299023825, 4.328010260255452, 1.5215092184275016, 5.774305332729571, 181.43462984470702, 1.7340814190852845, 34.4555472889613, 4.25031082966343]}