{"mean_feature": [46.782605198169136, 71.52006628429851, 31.571077843829684, 43.12609300716739, 0.06691979117228286, 4.999229176833158, 82.06389909309014, 0.4706265635935099, 21.971595891017028], "scale_feature": [19.59136777407345, 4.7082492230010455, 4.726452546469721, 19.730322188692956, 0.24988303808330192, 38.48014327793872, 459.39526374435286, 0.4991364555246129, 2.551547524618638], "mean_target": [-6.6612984965369675], "scale_target": [788.8801388757425]}