{"mean_feature": [46.782605198169136, 71.52006628429851, 43.12609300716739, 4.9992291768331585, 82.06389909309014, 0.4706265635935099, 21.971595891017028], "scale_feature": [19.591367774073447, 4.7082492230010455, 19.730322188692952, 38.48014327793872, 459.39526374435286, 0.4991364555246129, 2.5515475246186377], "mean_target": [-6.6612984965369675], "scale_target": [788.8801388757424]}