{"mean_feature": [42.63636363636363, 73.26694103744754, 41.17028645939448, 6.545455620456053, 196.64535366172217, 0.7110142210993847, 21.189478831343465], "scale_feature": [17.268094017202852, 4.604412453766765, 15.829924292699408, 24.15141072509188, 752.870109999272, 0.45329129540927654, 0.39188850942095815], "mean_target": [3.0319057903100934], "scale_target": [960.952380595738]}